name,prerequisite
Acrobático,Agi 2
Ás do Volante,Agi 2
Atlético,For 2
Atraente,Pre 2
Dedos Ágeis,Agi 2
Detector de Mentiras,Pre 2
Especialista em Emergências,Int 2
Estigmado,—
Foco em Perícia,Treinado na perícia
Inventário Organizado,Int 2
Informado,Int 2
Interrogador,For 2
Mentiroso Nato,Pre 2
Observador,Int 2
Pai de Pet,Pre 2
Palavras de Devoção,Pre 2
Parceiro,Treinado em Diplomacia; NEX 30%
Pensamento Tático,Int 2
Personalidade Esotérica,Int 2
Persuasivo,Pre 2
Pesquisador Científico,Int 2
Proativo,Agi 2
Provisões de Emergência,—
Racionalidade Inflexível,Int 3
Rato de Computador,Int 2
Resposta Rápida,Agi 2
Talentoso,Pre 2
Teimosia Obstinada,Pre 2
Tenacidade,Vig 2
Sentidos Aguçados,Pre 2
Sobrevivencialista,Int 2
Sorrateiro,Agi 2
Vitalidade Reforçada,Vig 2
Vontade Inabalável,Pre 2
