class,name,nex_10,nex_40,nex_65,nex_99
Combatente,Agente Secreto,Carteirada,O Sorriso,Método Investigativo,Multifacetado
Combatente,Caçador,Rastrear o Paranormal,Estudar Fraquezas,Atacar das Sombras,Estudar a Presa
Combatente,Monstruoso,Ser Amaldiçoado,Ser Macabro,Ser Assustador,Ser Aterrorizante
Especialista,Bibliotecário,Conhecimento Prático,Leitor Contumaz,Rato de Biblioteca,A Força do Saber
Especialista,Perseverante,Soluções Improvisadas,Fuga Obstinada,Determinação Inquestionável,Só Mais um Passo...
Especialista,Muambeiro,Mascate,Fabricação Própria,Laboratório de Campo,Achado Conveniente
Ocultista,Exorcista,Revelação do Mal,Poder da Fé,Parareligiosidade,Chagas da Resistência
Ocultista,Possuído,Poder Não Desejado,As Sombras Dentro de Mim,Ele Me Ensina,Tornamo-nos Um
Ocultista,Parapsicólogo,Terapia,Palavras-chave,Reprogramação Mental,A Sanidade Está Lá Fora
